YearsExperience,Education,City,Role,Salary
8,High School,Urban,Manager,84620.05366
11,PhD,Suburban,Director,142591.2559
28,Bachelor,Suburban,Manager,97800.2554
29,High School,Rural,Director,96834.67128
25,PhD,Urban,Analyst,132157.7862
19,PhD,Rural,Director,156312.9362
4,PhD,Rural,Director,130567.6495
13,PhD,Suburban,Director,148707.7408
20,Bachelor,Urban,Engineer,95945.27543
14,PhD,Urban,Analyst,133339.3897
23,Bachelor,Rural,Manager,101164.0924
1,Master,Urban,Director,124251.9871
11,High School,Urban,Manager,55066.11435
4,PhD,Rural,Manager,124972.5088
7,Master,Suburban,Director,126139.1367
28,High School,Suburban,Engineer,81007.19945
4,High School,Suburban,Analyst,60693.92471
26,High School,Rural,Director,103386.0703
7,Master,Urban,Director,140042.1389
20,Bachelor,Rural,Analyst,86048.11608
3,Master,Rural,Engineer,73861.99295
19,PhD,Suburban,Analyst,106145.0055
19,PhD,Urban,Director,142981.5905
7,Master,Suburban,Analyst,96620.92939
21,High School,Urban,Manager,89426.94712
12,Bachelor,Urban,Manager,104762.3985
23,Bachelor,Suburban,Manager,101747.5408
1,Bachelor,Suburban,Engineer,68635.08828
5,Bachelor,Rural,Manager,90550.47942
14,High School,Urban,Analyst,75559.24411
10,Bachelor,Urban,Engineer,87433.49865
3,High School,Urban,Analyst,57615.23342
2,PhD,Urban,Engineer,126043.1434
13,High School,Urban,Analyst,73043.43575
16,PhD,Rural,Director,134560.193
23,Bachelor,Urban,Engineer,95804.26144
2,Master,Rural,Director,99694.53954
24,PhD,Suburban,Director,153930.9339
13,PhD,Rural,Director,151123.3359
6,High School,Rural,Director,81462.71867
7,Master,Rural,Director,106019.0204
2,PhD,Suburban,Director,142122.6673
11,High School,Urban,Analyst,66858.43105
7,Bachelor,Rural,Manager,82060.73293
7,PhD,Suburban,Engineer,107935.4034
7,Bachelor,Rural,Analyst,70251.76628
7,PhD,Rural,Analyst,118799.4401
12,PhD,Suburban,Analyst,100369.0235
19,Master,Rural,Analyst,100038.768
22,PhD,Rural,Manager,164542.837
19,High School,Urban,Manager,95726.36719
19,Bachelor,Suburban,Engineer,96598.32495
20,Bachelor,Rural,Engineer,82628.1483
3,Bachelor,Suburban,Analyst,66216.70162
13,PhD,Suburban,Engineer,127167.116
10,High School,Urban,Director,106028.6363
20,PhD,Urban,Analyst,139655.8919
9,Master,Urban,Engineer,100278.416
6,High School,Rural,Engineer,67767.86962
21,PhD,Rural,Director,148074.0579
22,PhD,Rural,Analyst,143973.4648
12,Master,Rural,Manager,106333.9698
2,PhD,Rural,Analyst,96967.34243
12,Master,Rural,Manager,113746.2958
16,PhD,Suburban,Engineer,140823.2698
13,High School,Suburban,Manager,88374.44797
16,Master,Urban,Analyst,112591.9177
13,High School,Rural,Engineer,53119.03312
22,High School,Suburban,Manager,81946.59278
25,High School,Urban,Manager,74817.18132
19,Bachelor,Urban,Analyst,84868.78462
26,Bachelor,Urban,Engineer,104215.4319
14,Master,Urban,Engineer,117890.0214
29,High School,Suburban,Manager,90605.45679
13,High School,Suburban,Manager,77430.20945
10,Bachelor,Suburban,Manager,91038.14555
22,PhD,Urban,Director,169510.253
7,High School,Urban,Engineer,58008.87062
5,Bachelor,Rural,Manager,93375.47914
17,Master,Rural,Manager,136608.8081
9,Master,Urban,Engineer,113727.8966
27,PhD,Suburban,Director,156729.0839
6,High School,Urban,Engineer,60637.29856
16,Bachelor,Rural,Director,118098.3722
6,Bachelor,Rural,Analyst,59734.10574
6,PhD,Suburban,Engineer,111461.9558
28,Bachelor,Urban,Engineer,96355.51546
18,Bachelor,Rural,Analyst,70214.86159
1,PhD,Suburban,Engineer,105551.8368
17,Master,Rural,Analyst,109899.0494
17,PhD,Suburban,Director,163022.8256
1,PhD,Rural,Engineer,104029.2693
11,Master,Rural,Analyst,98073.34046
13,Master,Urban,Manager,130591.5668
1,PhD,Suburban,Director,137005.642
27,High School,Suburban,Director,92450.57242
8,Master,Rural,Manager,93295.98265
23,PhD,Urban,Manager,163104.2755
20,Bachelor,Rural,Analyst,89961.79412
6,High School,Rural,Manager,71769.55893
5,Bachelor,Rural,Engineer,63923.53099
20,Master,Suburban,Analyst,112349.7719
5,High School,Urban,Director,91289.99587
6,PhD,Rural,Engineer,119140.3384
29,High School,Rural,Engineer,71549.76783
13,Master,Rural,Director,133122.6051
27,High School,Suburban,Engineer,66723.68052
18,PhD,Rural,Director,157287.4192
20,PhD,Suburban,Director,165810.5594
13,High School,Suburban,Director,103723.3032
7,PhD,Suburban,Director,138575.0781
8,High School,Suburban,Analyst,48005.69983
21,High School,Suburban,Engineer,83938.80362
17,High School,Urban,Manager,80007.84721
1,High School,Suburban,Analyst,51439.95511
24,Master,Suburban,Manager,125825.3778
16,PhD,Rural,Analyst,111979.2803
11,High School,Urban,Engineer,74209.99466
29,PhD,Urban,Director,155079.8408
4,Master,Rural,Manager,109922.0568
4,PhD,Suburban,Analyst,104330.6891
17,PhD,Urban,Engineer,119682.6865
17,Bachelor,Suburban,Engineer,91498.92541
10,Bachelor,Rural,Analyst,79316.33853
21,Bachelor,Urban,Director,126769.346
21,High School,Suburban,Analyst,79183.53731
6,Bachelor,Urban,Analyst,57463.596
25,Bachelor,Urban,Analyst,89948.55569
25,Bachelor,Suburban,Director,121066.5229
17,PhD,Suburban,Manager,157190.0328
18,High School,Urban,Analyst,80837.44494
22,PhD,Rural,Engineer,151013.4005
26,Bachelor,Urban,Manager,110750.6058
10,Master,Rural,Engineer,102744.17
13,High School,Urban,Engineer,62000.29192
16,Bachelor,Suburban,Analyst,81956.4778
7,Master,Rural,Manager,99647.04282
15,High School,Rural,Analyst,53660.11341
2,Master,Urban,Engineer,98065.50879
5,High School,Urban,Analyst,60027.1754
17,Bachelor,Rural,Director,107222.1266
5,PhD,Suburban,Director,145434.5344
8,Master,Rural,Analyst,94399.88467
24,Master,Rural,Analyst,105559.5437
28,Bachelor,Suburban,Analyst,92774.21458
15,High School,Suburban,Analyst,61928.6828
8,PhD,Urban,Analyst,118509.6286
23,Bachelor,Urban,Director,127909.7106
3,Bachelor,Urban,Manager,101655.2519
23,PhD,Suburban,Analyst,145740.4454
17,High School,Rural,Manager,69022.9724
28,Master,Suburban,Analyst,122693.7223
16,Master,Urban,Manager,112053.2036
16,PhD,Rural,Director,149731.7472
19,Master,Urban,Engineer,129826.7228
12,PhD,Rural,Manager,130504.105
24,PhD,Suburban,Director,169726.3605
15,PhD,Urban,Manager,133614.3213
8,Master,Suburban,Director,114113.5472
27,Bachelor,Suburban,Engineer,100641.9016
3,Master,Suburban,Director,128222.1035
23,Master,Rural,Analyst,103825.7054
18,PhD,Suburban,Analyst,123464.469
4,Master,Suburban,Manager,99083.71642
8,PhD,Rural,Analyst,115028.8104
14,PhD,Suburban,Analyst,136466.9514
28,Master,Suburban,Engineer,130006.8011
17,Master,Suburban,Analyst,113966.5065
6,PhD,Rural,Analyst,108930.2553
5,High School,Rural,Manager,59366.90641
22,Bachelor,Urban,Analyst,103772.4592
14,Master,Suburban,Analyst,103680.8892
6,PhD,Rural,Director,134263.9176
20,Master,Suburban,Director,143982.4062
12,Bachelor,Rural,Manager,90022.12548
9,Master,Rural,Manager,100622.2374
1,Bachelor,Rural,Manager,90091.88495
18,High School,Urban,Analyst,73807.1989
6,Master,Suburban,Analyst,85629.70656
29,Master,Rural,Analyst,102870.9411
5,PhD,Suburban,Analyst,115954.1188
2,High School,Rural,Analyst,70374.09661
6,PhD,Suburban,Analyst,112071.794
17,Master,Suburban,Director,128637.2614
7,PhD,Rural,Manager,142237.712
25,High School,Suburban,Manager,89427.188
9,High School,Urban,Analyst,49515.33137
23,Master,Urban,Engineer,107272.0355
20,High School,Suburban,Director,107266.6397
5,Master,Suburban,Manager,116663.5454
21,PhD,Rural,Director,159261.2571
11,Master,Rural,Analyst,95422.43442
11,Master,Suburban,Director,118732.8797
28,PhD,Suburban,Manager,150828.3688
4,High School,Suburban,Director,80360.31217
23,High School,Suburban,Director,89616.88844
29,High School,Urban,Engineer,94614.4991
6,Bachelor,Suburban,Director,88404.03831
27,Master,Rural,Manager,123672.4124
10,High School,Urban,Manager,77959.92128
9,Bachelor,Suburban,Manager,87089.80187
29,Master,Rural,Manager,106944.9464
18,PhD,Urban,Analyst,137478.6966
20,Master,Suburban,Engineer,107442.4924
9,Master,Suburban,Analyst,112257.0796
28,PhD,Suburban,Manager,149580.1772
11,Bachelor,Suburban,Director,100586.4041
2,High School,Urban,Manager,72915.21947
15,High School,Rural,Manager,85534.39749
6,High School,Suburban,Engineer,55365.92337
25,PhD,Urban,Engineer,155147.3769
17,PhD,Urban,Director,171403.0364
4,High School,Rural,Analyst,58903.22811
8,Master,Urban,Manager,134264.3149
29,Master,Urban,Engineer,141926.4602
2,High School,Rural,Director,87148.82294
24,High School,Urban,Manager,110043.2632
9,PhD,Urban,Analyst,126080.6953
1,High School,Rural,Analyst,41707.761
24,Bachelor,Urban,Engineer,81377.56365
6,Master,Rural,Analyst,77772.6688
16,High School,Suburban,Director,86517.17201
27,High School,Suburban,Engineer,78182.64913
26,PhD,Suburban,Manager,149472.0554
26,Bachelor,Suburban,Engineer,90992.3951
7,PhD,Urban,Director,131042.2239
25,High School,Suburban,Director,98697.76834
24,Master,Rural,Analyst,107105.8207
16,Bachelor,Rural,Manager,87924.45958
6,Bachelor,Rural,Director,88578.47838
10,Bachelor,Rural,Analyst,65598.43408
18,PhD,Suburban,Manager,139034.7626
17,High School,Rural,Manager,68436.97173
17,High School,Suburban,Director,104598.7533
12,High School,Rural,Manager,74409.96732
15,Bachelor,Rural,Manager,85276.82082
6,Bachelor,Suburban,Analyst,73195.52219
23,Master,Suburban,Engineer,106197.1439
20,Bachelor,Urban,Manager,120121.683
16,High School,Urban,Analyst,84841.86725
23,High School,Urban,Analyst,90520.01983
14,Bachelor,Rural,Analyst,67553.07369
12,Master,Rural,Director,121087.3298
12,Bachelor,Rural,Director,97984.29324
2,Bachelor,Urban,Engineer,87620.13106
8,PhD,Urban,Director,137920.902
24,Bachelor,Urban,Analyst,92241.08306
27,High School,Rural,Analyst,67867.82972
17,High School,Suburban,Engineer,73532.88469
8,High School,Urban,Analyst,69941.28708
16,PhD,Suburban,Director,147712.7231
23,PhD,Rural,Analyst,134639.6508
1,Bachelor,Urban,Engineer,89220.76357
5,Master,Rural,Engineer,92867.84763
19,Bachelor,Suburban,Engineer,81543.41867
24,PhD,Rural,Manager,132288.0966
22,Bachelor,Rural,Director,117917.2698
3,PhD,Urban,Engineer,118237.7556
9,High School,Suburban,Manager,56873.70677
11,High School,Urban,Director,97129.52368
6,PhD,Rural,Manager,127295.5452
7,Bachelor,Rural,Director,82940.32919
7,Master,Suburban,Director,133794.1998
5,High School,Rural,Director,83366.35987
2,Master,Urban,Engineer,103387.4525
22,PhD,Suburban,Director,144256.8063
28,PhD,Rural,Manager,133976.6947
5,Master,Urban,Analyst,96929.31513
6,PhD,Urban,Analyst,103860.8461
6,Bachelor,Suburban,Director,105050.8027
7,Bachelor,Rural,Engineer,62891.76687
4,Bachelor,Urban,Director,105649.1273
25,PhD,Suburban,Manager,147118.6855
18,Master,Urban,Analyst,120117.8527
16,High School,Rural,Manager,66620.52405
21,High School,Urban,Manager,93737.2945
19,Bachelor,Rural,Analyst,70051.59807
10,High School,Urban,Engineer,77955.49552
24,PhD,Rural,Manager,142850.3823
5,Master,Urban,Analyst,104958.5067
18,PhD,Urban,Engineer,124794.7465
25,PhD,Suburban,Manager,154990.8428
3,Master,Rural,Manager,106062.034
20,High School,Urban,Manager,93636.97893
4,Master,Suburban,Manager,112126.3396
14,PhD,Urban,Director,152065.3612
12,Master,Suburban,Engineer,119412.9922
14,Master,Urban,Manager,122441.0201
5,Bachelor,Suburban,Analyst,67608.308
18,Bachelor,Rural,Director,107412.7381
27,PhD,Urban,Analyst,132494.8205
7,PhD,Rural,Analyst,107360.0358
16,High School,Rural,Engineer,64227.53384
3,PhD,Suburban,Analyst,109204.4588
22,High School,Rural,Director,93993.97073
21,High School,Suburban,Manager,105457.6139
11,Master,Suburban,Manager,121709.4984
27,Master,Suburban,Analyst,127723.0065
26,PhD,Suburban,Engineer,135962.9056
18,Bachelor,Suburban,Engineer,87129.83711
6,Bachelor,Urban,Manager,92218.21953
26,High School,Urban,Manager,104528.891
21,PhD,Rural,Analyst,104518.8152
22,High School,Urban,Engineer,71668.35225
24,Master,Suburban,Analyst,115023.3585
5,PhD,Suburban,Manager,127759.0763
5,PhD,Urban,Manager,154677.2968
16,Bachelor,Rural,Analyst,85476.83216
3,PhD,Rural,Engineer,106378.0856
12,Bachelor,Urban,Manager,86223.92931
3,PhD,Suburban,Manager,124594.3997
2,Master,Suburban,Engineer,83967.79917
15,High School,Rural,Manager,79667.5065
20,Bachelor,Urban,Engineer,101611.0632
17,Bachelor,Suburban,Engineer,95200.31932
12,PhD,Rural,Manager,152791.7666
2,PhD,Rural,Analyst,97925.34019
26,PhD,Urban,Manager,154075.9579
2,Bachelor,Rural,Manager,69874.84256
14,Bachelor,Suburban,Manager,98194.01484
7,Bachelor,Rural,Director,112932.7362
26,PhD,Rural,Manager,151687.224
25,PhD,Rural,Analyst,128855.1295
14,Master,Urban,Analyst,111516.3025
7,Master,Suburban,Analyst,84891.44362
20,Master,Rural,Engineer,106062.6629
17,High School,Urban,Director,97852.52575
24,PhD,Rural,Director,154994.2199
27,PhD,Suburban,Analyst,121693.8376
4,Bachelor,Rural,Director,97276.23179
27,Master,Urban,Engineer,129791.9649
15,PhD,Rural,Manager,131229.4879
27,Bachelor,Rural,Analyst,92041.74999
3,PhD,Rural,Director,118165.0845
6,PhD,Urban,Analyst,106202.0438
26,Bachelor,Rural,Analyst,92346.87262
8,Bachelor,Rural,Analyst,66322.76809
16,Bachelor,Urban,Analyst,90884.4448
15,High School,Urban,Manager,93394.90672
4,Master,Suburban,Analyst,92260.7007
21,Master,Urban,Director,112893.3195
8,High School,Rural,Director,76493.46362
23,Bachelor,Rural,Engineer,88189.55978
8,Bachelor,Urban,Engineer,85653.05646
20,High School,Suburban,Director,103997.3081
7,PhD,Urban,Analyst,106214.6981
26,High School,Suburban,Director,103439.5662
20,High School,Urban,Engineer,95703.03912
24,PhD,Suburban,Analyst,127740.5689
18,Master,Suburban,Director,137723.2789
12,Bachelor,Rural,Manager,101663.0578
4,Master,Suburban,Director,121102.3144
14,Bachelor,Rural,Engineer,77149.0302
27,Master,Urban,Director,139904.7899
24,High School,Urban,Analyst,86438.00154
25,Master,Urban,Director,150921.4909
28,High School,Urban,Engineer,80135.31585
29,Bachelor,Urban,Director,117235.2685
25,Bachelor,Rural,Analyst,77191.93286
5,Bachelor,Urban,Director,121616.5186
22,High School,Suburban,Engineer,76320.5488
20,PhD,Rural,Manager,163602.2859
23,High School,Suburban,Director,103555.456
26,PhD,Rural,Director,160395.2232
7,High School,Suburban,Engineer,65062.72488
12,High School,Rural,Engineer,71991.4985
15,High School,Urban,Director,85339.36815
19,High School,Rural,Engineer,90600.13108
26,Bachelor,Rural,Engineer,94996.98297
13,PhD,Suburban,Analyst,115965.9991
4,PhD,Rural,Director,137025.61
6,High School,Rural,Director,86923.38876
8,PhD,Urban,Manager,127924.4512
15,Master,Suburban,Manager,125668.6937
12,Master,Rural,Engineer,94835.55842
10,Bachelor,Suburban,Engineer,79937.26467
12,Bachelor,Rural,Director,97105.17581
17,Bachelor,Rural,Manager,104635.4147
29,Master,Suburban,Director,132909.2727
28,Bachelor,Urban,Director,129926.1611
8,Bachelor,Rural,Director,94565.82136
28,High School,Rural,Manager,79527.89822
2,Bachelor,Rural,Director,79864.76397
19,Master,Suburban,Manager,111971.1168
22,Bachelor,Urban,Manager,95662.03982
29,Bachelor,Rural,Engineer,107961.6719
1,High School,Rural,Director,68583.46837
22,High School,Rural,Manager,83586.5193
25,Bachelor,Suburban,Engineer,111781.8936
10,Bachelor,Suburban,Engineer,72798.82843
9,Master,Suburban,Manager,104584.5432
19,PhD,Suburban,Analyst,131547.1554
12,PhD,Urban,Engineer,113759.2045
29,Bachelor,Suburban,Manager,108212.9149
22,PhD,Suburban,Engineer,127751.0693
20,PhD,Rural,Analyst,128295.2244
18,PhD,Suburban,Director,148741.8413
24,Master,Urban,Manager,154081.4928
16,Master,Urban,Director,145378.9137
4,Bachelor,Rural,Engineer,65467.61516
11,Master,Urban,Analyst,102126.8656
25,PhD,Suburban,Analyst,131524.1549
22,Master,Suburban,Engineer,150065.7435
29,High School,Urban,Manager,83898.00356
27,PhD,Urban,Manager,159035.397
22,PhD,Suburban,Engineer,116155.6786
15,Bachelor,Rural,Analyst,79930.62559
16,Bachelor,Suburban,Director,130098.9056
2,Bachelor,Rural,Analyst,62915.44568
13,Master,Rural,Analyst,109045.5442
12,Bachelor,Urban,Analyst,86338.84774
26,Bachelor,Rural,Engineer,91775.01283
8,Bachelor,Suburban,Director,100483.4364
12,Master,Suburban,Analyst,96130.97355
27,High School,Urban,Engineer,80739.41728
14,PhD,Rural,Manager,120698.0559
3,Bachelor,Suburban,Manager,103068.0073
2,High School,Rural,Analyst,43069.23604
17,PhD,Suburban,Analyst,129937.7431
2,Bachelor,Suburban,Director,88234.68149
17,Bachelor,Suburban,Analyst,98169.90559
2,Master,Suburban,Manager,104264.4422
2,High School,Urban,Engineer,61089.67332
13,Master,Urban,Engineer,94710.23365
7,PhD,Rural,Director,140959.7621
9,High School,Rural,Engineer,77115.05705
9,Master,Urban,Director,120309.2241
14,High School,Suburban,Analyst,59417.70846
11,Master,Rural,Engineer,89616.76042
20,High School,Rural,Director,91291.62174
19,High School,Urban,Director,99640.24198
1,PhD,Rural,Analyst,113050.811
24,PhD,Urban,Manager,159514.7355
5,PhD,Suburban,Engineer,111874.8395
23,High School,Rural,Analyst,70249.48049
1,High School,Suburban,Engineer,52716.98893
6,PhD,Suburban,Manager,120089.6702
16,Bachelor,Urban,Engineer,94731.44127
20,PhD,Suburban,Director,193016.6021
16,Master,Urban,Engineer,139151.7063
20,PhD,Urban,Director,161398.266
26,High School,Rural,Manager,103388.5721
13,PhD,Suburban,Director,147546.1664
14,High School,Urban,Analyst,68468.61661
11,PhD,Rural,Director,121504.2821
21,PhD,Urban,Director,151398.9443
10,Bachelor,Suburban,Analyst,72165.00736
17,Master,Suburban,Director,133075.1903
7,Bachelor,Rural,Director,97139.84535
22,High School,Rural,Analyst,61210.57649
4,High School,Rural,Director,68111.868
17,PhD,Rural,Director,145338.4686
1,High School,Rural,Engineer,37185.88349
2,PhD,Suburban,Engineer,110873.6144
19,High School,Rural,Director,85187.1013
1,High School,Rural,Analyst,33510.51067
12,Bachelor,Rural,Analyst,73697.62107
28,High School,Rural,Engineer,69651.92836
19,Master,Suburban,Analyst,121353.8239
19,Master,Suburban,Analyst,106561.962
26,Master,Urban,Engineer,124104.5433
23,High School,Rural,Manager,87280.28107
16,High School,Rural,Engineer,71569.68317
16,Master,Suburban,Analyst,88637.58196
29,High School,Suburban,Director,100232.1589
8,Master,Suburban,Analyst,88909.67674
28,PhD,Rural,Director,156548.2976
25,Master,Urban,Director,139636.6748
26,PhD,Urban,Director,167570.6946
27,PhD,Suburban,Manager,142195.4075
25,High School,Suburban,Manager,84322.32758
13,Bachelor,Suburban,Engineer,82088.40331
14,Bachelor,Suburban,Manager,109825.9137
19,Bachelor,Urban,Director,122680.0366
15,High School,Urban,Analyst,73688.88708
15,High School,Suburban,Analyst,62136.81719
21,PhD,Urban,Director,157152.8215
8,PhD,Suburban,Analyst,123610.0289
24,Bachelor,Urban,Analyst,106774.3393
13,PhD,Rural,Manager,133151.4679
12,High School,Rural,Director,93416.47945
22,PhD,Urban,Analyst,149741.5503
28,High School,Suburban,Analyst,61353.01961
13,Bachelor,Urban,Analyst,92303.78885
16,Master,Suburban,Director,130573.9807
24,Master,Suburban,Director,142882.8881
12,High School,Suburban,Engineer,78159.76528
14,Master,Suburban,Engineer,99794.61837
15,Bachelor,Urban,Analyst,73797.25898
19,PhD,Urban,Manager,160061.9147
5,PhD,Rural,Manager,115015.1536
29,PhD,Suburban,Director,157137.8049
2,Bachelor,Rural,Director,94046.20893
18,Master,Urban,Engineer,111138.9818
18,Bachelor,Urban,Engineer,82077.89372
24,Master,Suburban,Director,139341.8977
26,PhD,Urban,Manager,148185.1534
17,Master,Suburban,Engineer,117978.5988
10,Bachelor,Rural,Engineer,74939.23444
27,Master,Suburban,Analyst,110115.5386
17,PhD,Urban,Manager,144899.9946
3,PhD,Urban,Analyst,128521.5348
16,High School,Urban,Engineer,85079.04082
18,High School,Rural,Engineer,57067.73818
21,Master,Suburban,Engineer,143997.0765
7,Bachelor,Rural,Engineer,73742.23675
1,PhD,Urban,Director,129475.8427
7,Bachelor,Suburban,Manager,100882.3199
13,Master,Rural,Manager,109383.2754
23,Master,Suburban,Manager,149537.1951
16,Bachelor,Urban,Manager,114474.0836
11,High School,Rural,Analyst,54012.80154
3,Master,Suburban,Analyst,108753.0688
9,PhD,Suburban,Analyst,127491.1521
7,High School,Urban,Engineer,54711.04803
23,Master,Urban,Director,151883.9411
22,High School,Urban,Manager,86835.12558
3,PhD,Rural,Director,132166.7371
22,Master,Rural,Manager,123310.5445
1,Bachelor,Suburban,Manager,77209.03988
11,Master,Suburban,Analyst,87666.57721
13,Bachelor,Rural,Engineer,86677.84011
4,High School,Suburban,Engineer,45117.66501
10,Bachelor,Rural,Director,74247.97373
26,Bachelor,Suburban,Engineer,92638.94396
8,Master,Rural,Analyst,96310.92421
28,Master,Suburban,Manager,130301.1887
28,PhD,Suburban,Director,175671.3094
17,High School,Rural,Analyst,63837.53495
11,Bachelor,Urban,Manager,93336.90348
5,High School,Rural,Engineer,50604.1645
18,PhD,Rural,Director,133634.5864
4,High School,Urban,Director,94857.97225
6,High School,Suburban,Manager,57188.99914
24,Master,Urban,Engineer,114795.9237
7,High School,Urban,Director,85397.1378
28,PhD,Urban,Engineer,148023.5326
12,Bachelor,Suburban,Engineer,71973.49636
3,High School,Rural,Manager,53944.64205
29,PhD,Urban,Analyst,146650.406
8,Master,Suburban,Engineer,114297.2336
20,Bachelor,Suburban,Director,118490.0356
21,PhD,Rural,Director,150741.9024
10,High School,Rural,Director,64375.91266
24,Bachelor,Urban,Director,117826.5765
1,Master,Suburban,Manager,111214.9424
17,High School,Rural,Engineer,77809.4667
18,High School,Urban,Manager,96893.75908
9,High School,Suburban,Analyst,60380.71644
20,Master,Suburban,Engineer,127046.0047
22,Bachelor,Rural,Engineer,120814.6071
27,PhD,Suburban,Engineer,136061.3808
16,High School,Suburban,Analyst,58368.84205
17,High School,Rural,Manager,92184.82926
18,High School,Suburban,Engineer,75354.64525
11,High School,Suburban,Engineer,67123.07688
18,Bachelor,Urban,Director,121923.7433
4,PhD,Suburban,Analyst,107455.1349
8,Master,Rural,Director,107652.0472
10,Master,Suburban,Director,117228.5249
4,Bachelor,Rural,Manager,96459.46257
8,High School,Rural,Director,63633.59335
17,Bachelor,Suburban,Analyst,91986.54646
3,Bachelor,Rural,Analyst,62423.1254
5,Bachelor,Urban,Engineer,81466.33111
27,PhD,Rural,Manager,154429.5098
5,PhD,Urban,Engineer,133439.8891
7,Bachelor,Rural,Director,100429.7654
1,Bachelor,Suburban,Engineer,57268.80338
18,PhD,Rural,Analyst,138709.6471
24,Bachelor,Rural,Analyst,102101.9652
23,PhD,Rural,Director,153914.3683
22,PhD,Urban,Engineer,142102.5782
6,Master,Urban,Analyst,119014.4921
24,Master,Urban,Analyst,128472.2427
28,PhD,Urban,Manager,157707.056
20,Bachelor,Urban,Engineer,97076.61324
15,Bachelor,Suburban,Engineer,88064.62889
28,Bachelor,Rural,Manager,119772.3205
23,Master,Rural,Analyst,118399.9178
9,High School,Suburban,Manager,57865.76989
25,PhD,Suburban,Manager,154646.424
29,High School,Suburban,Manager,102641.2133
3,High School,Suburban,Analyst,37935.36834
27,Bachelor,Urban,Director,126970.3525
18,High School,Rural,Director,70229.56394
29,Bachelor,Suburban,Director,125294.9284
16,High School,Suburban,Manager,60167.65498
17,PhD,Rural,Director,140182.5448
9,Master,Suburban,Engineer,97889.34086
28,Master,Urban,Director,140911.5018
24,Bachelor,Urban,Analyst,113515.2802
13,High School,Urban,Manager,88355.1057
8,High School,Suburban,Manager,69004.3114
13,High School,Rural,Director,73669.22159
1,High School,Suburban,Manager,63612.23683
21,High School,Rural,Manager,70708.87032
12,PhD,Urban,Manager,151730.8
12,Master,Urban,Manager,141967.66
9,Bachelor,Rural,Engineer,89531.99898
1,High School,Suburban,Analyst,54316.90346
21,Master,Suburban,Engineer,114343.7122
14,PhD,Suburban,Director,144948.9371
29,PhD,Urban,Director,186452.8457
14,PhD,Suburban,Manager,133240.6439
6,PhD,Rural,Manager,141610.9856
16,High School,Suburban,Director,79684.60758
8,Master,Suburban,Manager,110037.6835
19,Bachelor,Rural,Engineer,71859.43407
5,High School,Rural,Manager,66592.34201
15,PhD,Urban,Engineer,122362.7238
13,PhD,Urban,Analyst,144650.4941
26,PhD,Suburban,Engineer,145122.7227
24,PhD,Suburban,Director,164373.9675
6,High School,Urban,Director,88826.78449
17,Master,Suburban,Director,121074.5919
5,Bachelor,Suburban,Engineer,81241.18288
10,Master,Rural,Analyst,113370.8069
5,Master,Suburban,Director,120085.5493
17,Bachelor,Rural,Manager,86829.83798
19,PhD,Urban,Engineer,120476.5734
6,PhD,Suburban,Analyst,108866.7301
22,High School,Rural,Engineer,54377.71102
15,High School,Rural,Engineer,73305.17369
4,Master,Rural,Analyst,96811.67266
17,Bachelor,Rural,Engineer,78243.18173
1,Bachelor,Suburban,Director,102139.8131
18,High School,Urban,Analyst,67235.45347
26,PhD,Rural,Engineer,135543.8572
10,High School,Urban,Manager,83719.55552
19,Master,Rural,Analyst,99560.39991
2,High School,Rural,Manager,66182.03349
17,PhD,Rural,Engineer,110142.7195
18,Bachelor,Urban,Manager,109174.7499
13,Master,Urban,Analyst,107650.4798
7,PhD,Urban,Engineer,106536.0686
29,Master,Suburban,Analyst,100903.0981
20,Bachelor,Urban,Engineer,81404.76394
5,High School,Suburban,Director,84143.06834
4,High School,Suburban,Director,80239.59627
7,Bachelor,Urban,Director,109739.5758
5,High School,Rural,Manager,51736.21507
19,High School,Rural,Manager,90389.73811
20,Master,Suburban,Director,144828.4122
7,High School,Rural,Analyst,44330.36965
13,High School,Rural,Analyst,69760.60276
4,Bachelor,Suburban,Engineer,76490.77603
15,PhD,Urban,Analyst,112237.9498
20,Bachelor,Suburban,Analyst,73673.05234
29,Bachelor,Urban,Manager,126337.2349
25,Bachelor,Urban,Analyst,98959.51189
18,Bachelor,Suburban,Analyst,96812.24946
4,PhD,Rural,Engineer,113116.2688
28,Bachelor,Urban,Director,130676.7089
4,Master,Suburban,Director,140235.2642
2,High School,Suburban,Manager,80968.49088
22,Master,Suburban,Manager,122671.7273
20,High School,Urban,Engineer,83749.68725
23,PhD,Rural,Manager,147944.4544
28,PhD,Rural,Engineer,145613.9117
5,Bachelor,Suburban,Director,100710.0881
25,PhD,Urban,Director,160064.6815
22,High School,Rural,Engineer,71963.77183
8,PhD,Suburban,Director,138197.1289
11,Master,Rural,Analyst,112833.6728
11,High School,Rural,Analyst,68407.26239
18,PhD,Urban,Director,155963.8498
27,PhD,Suburban,Engineer,146282.9226
25,PhD,Rural,Analyst,128345.4074
19,High School,Rural,Analyst,75932.41136
17,Bachelor,Urban,Director,127488.8052
1,PhD,Urban,Manager,136686.1083
5,PhD,Rural,Manager,133712.6427
3,Master,Urban,Director,129605.7081
28,Bachelor,Urban,Director,139740.6185
14,PhD,Suburban,Analyst,129311.3137
2,PhD,Suburban,Engineer,118519.0053
28,Bachelor,Rural,Engineer,92227.74376
3,Bachelor,Rural,Analyst,52282.49263
3,High School,Rural,Analyst,47721.51619
20,High School,Urban,Engineer,72589.44467
21,PhD,Suburban,Manager,146600.0907
27,Master,Rural,Manager,138404.8842
13,High School,Suburban,Engineer,69728.24675
8,High School,Urban,Director,83849.98329
22,PhD,Suburban,Director,148468.7138
14,Master,Urban,Analyst,94698.64793
18,Bachelor,Rural,Manager,111328.0534
27,Master,Urban,Director,129233.0898
20,PhD,Urban,Director,150652.1697
13,Master,Urban,Director,109867.9807
18,PhD,Urban,Engineer,134838.5842
1,PhD,Rural,Analyst,102577.1544
2,High School,Suburban,Analyst,47957.05579
5,PhD,Rural,Manager,124368.701
11,Master,Rural,Director,112787.3493
11,Master,Urban,Analyst,96863.4436
1,High School,Rural,Engineer,69178.26413
29,PhD,Urban,Engineer,145659.3705
27,Master,Suburban,Engineer,131076.5862
3,Bachelor,Urban,Director,94632.28957
29,High School,Suburban,Engineer,100127.2859
2,PhD,Rural,Director,147141.8213
14,Bachelor,Urban,Analyst,91310.18682
20,Master,Suburban,Engineer,104004.6841
16,Bachelor,Rural,Director,106870.0139
18,Bachelor,Suburban,Manager,103473.045
5,High School,Urban,Analyst,62396.23914
8,Bachelor,Suburban,Analyst,68217.79384
22,Bachelor,Suburban,Director,101769.9986
7,PhD,Suburban,Director,143623.6304
10,Bachelor,Rural,Analyst,74897.08684
16,PhD,Suburban,Director,151020.7502
19,Master,Suburban,Engineer,124268.0058
22,High School,Suburban,Director,82248.39517
29,Bachelor,Suburban,Analyst,109106.9372
11,Bachelor,Urban,Engineer,83567.7246
19,PhD,Urban,Director,155047.7793
3,PhD,Rural,Engineer,104742.2064
18,High School,Suburban,Director,93896.19858
4,Bachelor,Rural,Analyst,49941.82125
25,Master,Suburban,Analyst,109319.1428
20,High School,Urban,Engineer,74842.43455
17,Bachelor,Suburban,Analyst,99639.30202
24,Master,Rural,Analyst,110506.9814
13,Bachelor,Suburban,Engineer,94955.18311
4,Master,Urban,Engineer,104059.3881
14,Bachelor,Rural,Analyst,68510.99629
25,PhD,Suburban,Engineer,149072.0487
3,Master,Urban,Engineer,94545.58658
21,PhD,Suburban,Director,150737.5666
4,Bachelor,Urban,Manager,95820.99779
18,Master,Rural,Analyst,112455.3879
13,PhD,Rural,Analyst,115986.1546
7,Master,Suburban,Director,137105.2473
11,Master,Urban,Analyst,100285.2158
11,Master,Rural,Analyst,102655.8929
6,High School,Suburban,Analyst,56036.16301
11,PhD,Suburban,Engineer,141466.7184
9,Master,Suburban,Analyst,101144.0601
16,Master,Urban,Analyst,92226.87182
28,PhD,Suburban,Manager,163883.3521
5,Master,Urban,Director,124184.5149
20,Master,Suburban,Director,129469.3809
23,High School,Urban,Engineer,95229.64762
6,Bachelor,Suburban,Analyst,72686.91364
4,High School,Suburban,Analyst,59999.86743
8,PhD,Urban,Analyst,115316.1668
25,Master,Rural,Analyst,101638.6987
25,High School,Rural,Engineer,93105.81761
16,High School,Rural,Manager,68129.67263
16,Master,Urban,Director,130152.2906
11,PhD,Rural,Manager,113916.7921
20,Bachelor,Suburban,Analyst,106299.8224
14,PhD,Urban,Manager,147979.9832
8,Master,Rural,Manager,110377.7963
25,Master,Suburban,Director,149751.3841
6,Bachelor,Suburban,Manager,77706.63431
8,Bachelor,Urban,Manager,92589.53218
19,Master,Rural,Manager,118085.6227
8,PhD,Suburban,Engineer,107515.2895
29,Bachelor,Rural,Engineer,112114.2713
25,Master,Suburban,Engineer,119815.7095
1,Bachelor,Suburban,Manager,82767.11364
13,PhD,Urban,Engineer,135362.2549
8,Master,Rural,Manager,100474.1772
21,PhD,Suburban,Manager,146451.13
9,High School,Rural,Engineer,93275.38547
16,Bachelor,Rural,Analyst,87046.8203
21,Bachelor,Rural,Manager,117683.1106
5,Master,Urban,Manager,111449.1688
11,Master,Suburban,Director,118484.3101
17,High School,Rural,Engineer,70097.03589
21,Master,Urban,Director,127582.9506
27,Bachelor,Rural,Manager,83930.42235
9,PhD,Urban,Director,156315.9251
17,Master,Rural,Manager,123413.3814
15,High School,Rural,Director,93338.51222
1,PhD,Rural,Manager,121281.6987
21,Bachelor,Urban,Engineer,120783.727
24,Master,Urban,Director,143126.7181
16,High School,Suburban,Director,85460.35259
13,Master,Suburban,Analyst,72935.01285
20,Bachelor,Urban,Analyst,94528.34132
24,Master,Suburban,Engineer,127318.7779
24,Bachelor,Urban,Manager,114068.612
3,High School,Urban,Analyst,69242.21734
28,High School,Urban,Engineer,110948.8117
14,Bachelor,Suburban,Engineer,87266.49792
3,High School,Rural,Manager,75312.5356
18,Master,Suburban,Manager,107141.4742
24,High School,Rural,Director,104313.191
28,PhD,Suburban,Director,163634.9048
14,Bachelor,Rural,Engineer,81786.09502
17,Master,Rural,Engineer,105366.0108
24,High School,Urban,Engineer,82436.96532
6,Master,Suburban,Director,117911.9709
26,PhD,Rural,Analyst,132986.7297
8,High School,Suburban,Manager,71257.07866
2,High School,Urban,Engineer,50442.07521
18,Bachelor,Urban,Director,122170.5389
3,High School,Rural,Director,66921.32052
29,Bachelor,Urban,Manager,129479.8661
21,High School,Suburban,Analyst,70661.73033
2,Master,Urban,Engineer,103270.2395
5,PhD,Urban,Manager,114507.6809
22,PhD,Urban,Director,149433.1987
9,High School,Urban,Analyst,73396.14394
29,Master,Suburban,Engineer,116661.8327
19,Bachelor,Suburban,Director,108675.6234
2,PhD,Rural,Director,129220.6003
23,PhD,Urban,Manager,166637.4259
4,High School,Rural,Director,77741.37998
17,Master,Rural,Engineer,120102.646
4,High School,Suburban,Director,76322.52202
26,Master,Urban,Manager,138131.7626
6,High School,Urban,Manager,63967.56545
2,PhD,Suburban,Analyst,123780.3124
4,Master,Suburban,Analyst,95086.48204
8,Master,Suburban,Director,123441.291
2,High School,Urban,Director,85383.15539
2,High School,Rural,Director,86467.92074
8,Master,Rural,Analyst,90855.04894
26,Bachelor,Urban,Analyst,117630.3896
5,PhD,Rural,Director,126484.7742
14,Bachelor,Urban,Analyst,93221.84608
13,Bachelor,Urban,Manager,123092.1856
19,Bachelor,Suburban,Analyst,84101.85269
28,High School,Urban,Manager,100452.5585
1,Master,Suburban,Director,124775.0506
12,Bachelor,Suburban,Manager,95621.00301
20,Bachelor,Rural,Engineer,74996.46724
3,PhD,Suburban,Director,127440.4064
14,PhD,Rural,Manager,139809.3259
5,Bachelor,Urban,Manager,103915.1532
17,PhD,Rural,Analyst,129845.5533
17,Bachelor,Rural,Manager,108464.3201
11,PhD,Rural,Analyst,116719.8519
26,Master,Urban,Manager,138082.3317
12,High School,Urban,Manager,66811.31341
4,Master,Suburban,Analyst,97173.28954
9,Bachelor,Urban,Engineer,95126.80785
20,Bachelor,Suburban,Manager,99167.88705
15,Bachelor,Urban,Manager,111440.017
1,Bachelor,Rural,Director,72841.11155
21,Master,Suburban,Analyst,118510.996
21,High School,Urban,Analyst,79002.84324
1,Bachelor,Urban,Engineer,102106.0853
3,Master,Urban,Director,137130.8554
12,PhD,Rural,Engineer,137069.8036
6,Bachelor,Suburban,Engineer,89173.97096
22,PhD,Suburban,Manager,153466.1561
25,Bachelor,Suburban,Manager,98183.68685
3,Bachelor,Urban,Analyst,74649.087
8,Master,Suburban,Director,141267.2847
13,High School,Suburban,Analyst,48438.35551
12,Master,Urban,Director,127497.1817
20,Master,Urban,Analyst,100807.6592
29,PhD,Urban,Engineer,163509.5181
23,Master,Urban,Engineer,117342.1867
2,Master,Rural,Engineer,107445.3437
17,Master,Rural,Manager,112862.3751
19,High School,Suburban,Director,88958.6792
19,PhD,Rural,Director,161785.2919
15,Bachelor,Urban,Manager,114388.3173
22,Bachelor,Rural,Director,84837.19691
16,PhD,Urban,Analyst,135511.4079
16,PhD,Rural,Engineer,132001.6688
6,Master,Urban,Manager,118098.0693
2,PhD,Suburban,Engineer,110423.42
11,Master,Suburban,Director,126284.0844
3,Master,Rural,Manager,99019.38519
28,Bachelor,Urban,Director,130113.2303
9,PhD,Suburban,Engineer,121976.0574
24,Bachelor,Urban,Director,117780.7184
20,PhD,Rural,Manager,141637.7045
16,Bachelor,Urban,Director,124024.3891
8,Master,Urban,Manager,120890.0589
13,Master,Rural,Manager,107463.5761
4,Bachelor,Suburban,Manager,92362.5402
2,Master,Rural,Analyst,97697.92392
17,High School,Urban,Director,112954.0417
18,Bachelor,Rural,Director,120075.5258
17,Bachelor,Rural,Engineer,92373.80193
25,PhD,Urban,Manager,144908.7597
25,Master,Rural,Manager,111344.4727
27,High School,Suburban,Engineer,79976.18786
6,PhD,Suburban,Director,126908.1522
20,Bachelor,Rural,Director,102152.1527
27,High School,Urban,Director,105298.777
11,High School,Rural,Manager,66157.89578
20,Master,Rural,Manager,116720.8194
18,Bachelor,Suburban,Engineer,79719.95373
14,PhD,Suburban,Analyst,126314.6676
1,High School,Urban,Analyst,65965.08051
23,Bachelor,Urban,Manager,107518.6253
2,Master,Urban,Director,129257.5534
7,Bachelor,Rural,Director,123627.2671
10,Master,Rural,Analyst,94081.8897
6,Bachelor,Rural,Director,102512.1001
13,PhD,Rural,Analyst,119967.7009
11,Bachelor,Urban,Manager,110696.2373
24,PhD,Urban,Manager,136813.5012
17,Master,Urban,Director,126430.4323
28,High School,Rural,Director,99434.63928
18,High School,Rural,Analyst,71869.62566
5,PhD,Urban,Director,146305.2403
29,Bachelor,Suburban,Manager,97354.26749
26,Bachelor,Urban,Director,117763.8672
15,Bachelor,Rural,Director,97052.93882
14,High School,Rural,Director,87889.91945
22,Master,Urban,Manager,124379.6104
18,Master,Suburban,Director,126191.929
7,Master,Suburban,Analyst,107847.4758
29,High School,Rural,Engineer,92353.16277
11,Master,Rural,Analyst,91867.25195
6,PhD,Rural,Analyst,115249.0267
5,PhD,Urban,Analyst,101185.162
5,High School,Rural,Manager,66983.27059
21,Bachelor,Rural,Analyst,97899.7805
24,Master,Rural,Director,139267.8171
19,Master,Suburban,Manager,125010.6084
19,PhD,Suburban,Engineer,130113.5703
23,High School,Rural,Analyst,61532.07984
22,Bachelor,Suburban,Engineer,95209.17595
11,Master,Suburban,Director,110485.5886
12,High School,Suburban,Director,103104.5898
28,High School,Suburban,Analyst,83642.1064
28,Master,Urban,Director,146975.6297
15,Bachelor,Suburban,Director,103801.9523
20,Master,Suburban,Director,134296.6038
17,High School,Suburban,Manager,89977.94942
25,PhD,Suburban,Engineer,150114.4789
25,PhD,Urban,Analyst,130963.0907
2,High School,Urban,Engineer,52264.7124
9,High School,Rural,Manager,89782.29963
8,Bachelor,Suburban,Director,114365.9286
6,High School,Suburban,Director,88085.19941
16,Bachelor,Rural,Manager,94613.53756
24,High School,Urban,Director,113240.2034
10,Bachelor,Rural,Analyst,62267.66824
21,Master,Urban,Analyst,131317.6842
1,PhD,Rural,Engineer,110642.2778
24,Bachelor,Rural,Manager,111908.615
15,PhD,Suburban,Manager,146462.1777
3,Master,Rural,Analyst,86684.29089
20,Bachelor,Urban,Director,118246.3364
26,Master,Urban,Manager,148215.8314
22,Bachelor,Rural,Manager,112264.974
5,PhD,Urban,Director,127277.6888
1,Master,Rural,Manager,84075.94263
28,High School,Suburban,Director,93537.7938
27,Master,Suburban,Engineer,113064.546
21,Bachelor,Suburban,Engineer,84814.74127
6,PhD,Suburban,Director,143721.1064
27,High School,Rural,Engineer,72362.95553
25,High School,Urban,Director,117061.2462
18,Master,Rural,Director,142528.7777
5,Master,Urban,Manager,114713.1676
25,High School,Rural,Director,111834.5795
1,Master,Urban,Director,121242.1431
18,PhD,Urban,Director,153652.0935
18,High School,Rural,Director,88647.85739
9,High School,Suburban,Director,93448.60002
10,Master,Rural,Analyst,78855.39027
5,Master,Suburban,Analyst,92914.00678
10,Bachelor,Rural,Analyst,77974.0566
13,Master,Urban,Engineer,116630.8467
17,High School,Suburban,Manager,78315.63657
4,High School,Urban,Engineer,68887.85743
1,Bachelor,Urban,Engineer,83921.21618
15,Bachelor,Urban,Analyst,84080.91887
24,High School,Rural,Analyst,90815.98629
1,Bachelor,Urban,Manager,95395.50206
25,High School,Rural,Director,91688.1665
29,Master,Suburban,Engineer,118282.8097
12,High School,Urban,Manager,92294.08918
2,Bachelor,Suburban,Director,98020.59791
19,Master,Suburban,Engineer,139481.127
15,High School,Rural,Manager,70640.75877
13,High School,Suburban,Engineer,55573.93062
9,Bachelor,Rural,Manager,88723.01541
6,Bachelor,Rural,Engineer,77750.67459
25,PhD,Suburban,Director,138815.4937
3,High School,Suburban,Engineer,54908.31486
18,Master,Suburban,Analyst,104315.8456
16,Bachelor,Rural,Engineer,82312.36464
4,Master,Rural,Director,107697.7425
22,PhD,Suburban,Analyst,118568.0746
17,Bachelor,Rural,Director,114580.3805
19,Master,Suburban,Director,128161.5916
6,High School,Rural,Manager,55762.98548
25,Master,Rural,Director,127400.6573
23,High School,Urban,Director,98276.7676
19,Master,Urban,Director,140086.4712
8,High School,Suburban,Analyst,64683.38986
24,High School,Urban,Engineer,74468.20502
18,Master,Rural,Analyst,98207.02602
27,Bachelor,Suburban,Director,108544.9227
25,High School,Urban,Director,71077.00007
